Operation,Details,Date
175682188386107393,GALLERYT3ECUKJL3NMYVEXZZEPJ3O7CHYFY2ODETC2LQ2DBHBYHD444W updated offer 991143637 – sell 200 XLM for AQUA-GBNZILSTVQZ4R7IKQDGHYGY2QXL5QOFJYQMXPKWRRM5PAV7Y4M67AQUA at 61.7 AQUA/XLMMemo (TEXT):_bot_sell_The memo contains optional extra information. It is the responsibility of the client to interpret this value.Memos can be one of the following types:MEMO_TEXT: A string up to 28-bytes long.MEMO_ID: A 64 bit unsigned integer.MEMO_HASH: A 32 byte hash.MEMO_RETURN: A 32 byte hash intended to be interpreted as the hash of the transaction the sender is refunding.Read more…,2022-05-16 19:46:12 UTC
175682188385943555,GACBT2BIEZCSZRSJC4BSARF2TFNGJPGT7RMFIF3M3DBK3YOMN7DOEAJ2 updated offer 991034128 – sell 800 XLM for AQUA-GBNZILSTVQZ4R7IKQDGHYGY2QXL5QOFJYQMXPKWRRM5PAV7Y4M67AQUA at 61.7 AQUA/XLM,2022-05-16 19:46:12 UTC
175682188385943554,"GACBT2BIEZCSZRSJC4BSARF2TFNGJPGT7RMFIF3M3DBK3YOMN7DOEAJ2 updated offer 990747323 – sell 2,821.8989865 XLM for AQUA-GBNZILSTVQZ4R7IKQDGHYGY2QXL5QOFJYQMXPKWRRM5PAV7Y4M67AQUA at 62.4 AQUA/XLM",2022-05-16 19:46:12 UTC
175682188385943553,GACBT2BIEZCSZRSJC4BSARF2TFNGJPGT7RMFIF3M3DBK3YOMN7DOEAJ2 updated offer 991143832 – buy 13.4510199 XLM for AQUA-GBNZILSTVQZ4R7IKQDGHYGY2QXL5QOFJYQMXPKWRRM5PAV7Y4M67AQUA at 61.3 AQUA/XLM,2022-05-16 19:46:12 UTC
175682188385767425,"GDO7FV2PB3NHWYC73VSODLT2KABPK5YU62L2SUDLYHX65PPUF3MMW47G updated offer 991144639 – sell 120,508.6331776 AQUA-GBNZILSTVQZ4R7IKQDGHYGY2QXL5QOFJYQMXPKWRRM5PAV7Y4M67AQUA for XLM at 0.018 XLM/AQUA",2022-05-16 19:46:12 UTC
175682188385460225,"GDD2IR37UILEFR7Z35EPIRD4HGFY6DGEIWPVEBD4Y75ARCF27EKK6RU5 transferred 3,000 AQUA-GBNZILSTVQZ4R7IKQDGHYGY2QXL5QOFJYQMXPKWRRM5PAV7Y4M67AQUA 2,042,160.0588235 SAFEPEN-GDJOOO4QRCCSNFIGON2IW3P7PCBYWTFF7JFMSHW7SGSHEOSQNFJPWJBU (min 2,025,779.9210924 SAFEPEN-GDJOOO4QRCCSNFIGON2IW3P7PCBYWTFF7JFMSHW7SGSHEOSQNFJPWJBU) to GDD2IR37UILEFR7Z35EPIRD4HGFY6DGEIWPVEBD4Y75ARCF27EKK6RU5",2022-05-16 19:46:12 UTC
175682188385345587,GAKV47SVFSLQMZH2BBYSLQNOR7CDBCJC7VFVMPTRRFYC2E5WPCQFVYDO transferred 12 RareEarthEF-GANKA7JHQECA3ASRDLNV5CEKTRNIYQAHAZXDR2632UV6WUJ75GUYLBNV 0.0808257 AQUA-GBNZILSTVQZ4R7IKQDGHYGY2QXL5QOFJYQMXPKWRRM5PAV7Y4M67AQUA (min 0.0414732 AQUA-GBNZILSTVQZ4R7IKQDGHYGY2QXL5QOFJYQMXPKWRRM5PAV7Y4M67AQUA) to GAKV47SVFSLQMZH2BBYSLQNOR7CDBCJC7VFVMPTRRFYC2E5WPCQFVYDO,2022-05-16 19:46:12 UTC
175682188385345583,GAKV47SVFSLQMZH2BBYSLQNOR7CDBCJC7VFVMPTRRFYC2E5WPCQFVYDO transferred 16 REIT-GANKA7JHQECA3ASRDLNV5CEKTRNIYQAHAZXDR2632UV6WUJ75GUYLBNV 0.0388471 AQUA-GBNZILSTVQZ4R7IKQDGHYGY2QXL5QOFJYQMXPKWRRM5PAV7Y4M67AQUA (min 0.0199292 AQUA-GBNZILSTVQZ4R7IKQDGHYGY2QXL5QOFJYQMXPKWRRM5PAV7Y4M67AQUA) to GAKV47SVFSLQMZH2BBYSLQNOR7CDBCJC7VFVMPTRRFYC2E5WPCQFVYDO,2022-05-16 19:46:12 UTC
175682188385345579,GAKV47SVFSLQMZH2BBYSLQNOR7CDBCJC7VFVMPTRRFYC2E5WPCQFVYDO transferred 13 XAUoz-GANKA7JHQECA3ASRDLNV5CEKTRNIYQAHAZXDR2632UV6WUJ75GUYLBNV 0.078932 AQUA-GBNZILSTVQZ4R7IKQDGHYGY2QXL5QOFJYQMXPKWRRM5PAV7Y4M67AQUA (min 0.0400316 AQUA-GBNZILSTVQZ4R7IKQDGHYGY2QXL5QOFJYQMXPKWRRM5PAV7Y4M67AQUA) to GAKV47SVFSLQMZH2BBYSLQNOR7CDBCJC7VFVMPTRRFYC2E5WPCQFVYDO,2022-05-16 19:46:12 UTC
175682188385345575,GAKV47SVFSLQMZH2BBYSLQNOR7CDBCJC7VFVMPTRRFYC2E5WPCQFVYDO transferred 15 USDollar-GANKA7JHQECA3ASRDLNV5CEKTRNIYQAHAZXDR2632UV6WUJ75GUYLBNV 0.0091095 AQUA-GBNZILSTVQZ4R7IKQDGHYGY2QXL5QOFJYQMXPKWRRM5PAV7Y4M67AQUA (min 0.0046712 AQUA-GBNZILSTVQZ4R7IKQDGHYGY2QXL5QOFJYQMXPKWRRM5PAV7Y4M67AQUA) to GAKV47SVFSLQMZH2BBYSLQNOR7CDBCJC7VFVMPTRRFYC2E5WPCQFVYDO,2022-05-16 19:46:12 UTC
175682188385345571,GAKV47SVFSLQMZH2BBYSLQNOR7CDBCJC7VFVMPTRRFYC2E5WPCQFVYDO transferred 1 STELLRUS-GCN7H4HNFVXZDRIVE77EBIO3B43H76MLOJL5KTPKWVZ5EGVVSH632BVS 0.0753222 AQUA-GBNZILSTVQZ4R7IKQDGHYGY2QXL5QOFJYQMXPKWRRM5PAV7Y4M67AQUA (min 0.0386092 AQUA-GBNZILSTVQZ4R7IKQDGHYGY2QXL5QOFJYQMXPKWRRM5PAV7Y4M67AQUA) to GAKV47SVFSLQMZH2BBYSLQNOR7CDBCJC7VFVMPTRRFYC2E5WPCQFVYDO,2022-05-16 19:46:12 UTC
175682188385345567,GAKV47SVFSLQMZH2BBYSLQNOR7CDBCJC7VFVMPTRRFYC2E5WPCQFVYDO transferred 1 ETERNUM-GCN7H4HNFVXZDRIVE77EBIO3B43H76MLOJL5KTPKWVZ5EGVVSH632BVS 0.0431411 AQUA-GBNZILSTVQZ4R7IKQDGHYGY2QXL5QOFJYQMXPKWRRM5PAV7Y4M67AQUA (min 0.0218654 AQUA-GBNZILSTVQZ4R7IKQDGHYGY2QXL5QOFJYQMXPKWRRM5PAV7Y4M67AQUA) to GAKV47SVFSLQMZH2BBYSLQNOR7CDBCJC7VFVMPTRRFYC2E5WPCQFVYDO,2022-05-16 19:46:12 UTC
175682188385345563,"GAKV47SVFSLQMZH2BBYSLQNOR7CDBCJC7VFVMPTRRFYC2E5WPCQFVYDO transferred 2,600 RHBULLION-GCYNLUPQ57HQT354QEPPD4UHBTJL5G3YTB2SC3XTBCYYSO4ZRQKKIPAY 0.0474054 AQUA-GBNZILSTVQZ4R7IKQDGHYGY2QXL5QOFJYQMXPKWRRM5PAV7Y4M67AQUA (min 0.0242882 AQUA-GBNZILSTVQZ4R7IKQDGHYGY2QXL5QOFJYQMXPKWRRM5PAV7Y4M67AQUA) to GAKV47SVFSLQMZH2BBYSLQNOR7CDBCJC7VFVMPTRRFYC2E5WPCQFVYDO",2022-05-16 19:46:12 UTC
175682188385345559,"GAKV47SVFSLQMZH2BBYSLQNOR7CDBCJC7VFVMPTRRFYC2E5WPCQFVYDO transferred 2,200 JPSILVERMINE-GCYNLUPQ57HQT354QEPPD4UHBTJL5G3YTB2SC3XTBCYYSO4ZRQKKIPAY 0.0401213 AQUA-GBNZILSTVQZ4R7IKQDGHYGY2QXL5QOFJYQMXPKWRRM5PAV7Y4M67AQUA (min 0.0203258 AQUA-GBNZILSTVQZ4R7IKQDGHYGY2QXL5QOFJYQMXPKWRRM5PAV7Y4M67AQUA) to GAKV47SVFSLQMZH2BBYSLQNOR7CDBCJC7VFVMPTRRFYC2E5WPCQFVYDO",2022-05-16 19:46:12 UTC
175682188385345555,"GAKV47SVFSLQMZH2BBYSLQNOR7CDBCJC7VFVMPTRRFYC2E5WPCQFVYDO transferred 2,399 RHDIVIDEND-GCYNLUPQ57HQT354QEPPD4UHBTJL5G3YTB2SC3XTBCYYSO4ZRQKKIPAY 0.0437598 AQUA-GBNZILSTVQZ4R7IKQDGHYGY2QXL5QOFJYQMXPKWRRM5PAV7Y4M67AQUA (min 0.0224107 AQUA-GBNZILSTVQZ4R7IKQDGHYGY2QXL5QOFJYQMXPKWRRM5PAV7Y4M67AQUA) to GAKV47SVFSLQMZH2BBYSLQNOR7CDBCJC7VFVMPTRRFYC2E5WPCQFVYDO",2022-05-16 19:46:12 UTC
175682188385345551,"GAKV47SVFSLQMZH2BBYSLQNOR7CDBCJC7VFVMPTRRFYC2E5WPCQFVYDO transferred 3,000 JPGOLDMINE-GCYNLUPQ57HQT354QEPPD4UHBTJL5G3YTB2SC3XTBCYYSO4ZRQKKIPAY 0.0547364 AQUA-GBNZILSTVQZ4R7IKQDGHYGY2QXL5QOFJYQMXPKWRRM5PAV7Y4M67AQUA (min 0.0280243 AQUA-GBNZILSTVQZ4R7IKQDGHYGY2QXL5QOFJYQMXPKWRRM5PAV7Y4M67AQUA) to GAKV47SVFSLQMZH2BBYSLQNOR7CDBCJC7VFVMPTRRFYC2E5WPCQFVYDO",2022-05-16 19:46:12 UTC
175682188385345547,"GAKV47SVFSLQMZH2BBYSLQNOR7CDBCJC7VFVMPTRRFYC2E5WPCQFVYDO transferred 3,000 NATGOLDCHINA-GDNYXO5ZMBJT47BU54K5BS27N2COF54QNG67MCCM5BOVBLSJ263YABDC 0.0182488 AQUA-GBNZILSTVQZ4R7IKQDGHYGY2QXL5QOFJYQMXPKWRRM5PAV7Y4M67AQUA (min 0.0092395 AQUA-GBNZILSTVQZ4R7IKQDGHYGY2QXL5QOFJYQMXPKWRRM5PAV7Y4M67AQUA) to GAKV47SVFSLQMZH2BBYSLQNOR7CDBCJC7VFVMPTRRFYC2E5WPCQFVYDO",2022-05-16 19:46:12 UTC
175682188385345543,"GAKV47SVFSLQMZH2BBYSLQNOR7CDBCJC7VFVMPTRRFYC2E5WPCQFVYDO transferred 2,900 REE-GB3LK77V6PA56GL6ETUPGBIL5N3WTUEHFOJRTTUM2RJTLZ6VTMVYGMMG 0.0529314 AQUA-GBNZILSTVQZ4R7IKQDGHYGY2QXL5QOFJYQMXPKWRRM5PAV7Y4M67AQUA (min 0.0270902 AQUA-GBNZILSTVQZ4R7IKQDGHYGY2QXL5QOFJYQMXPKWRRM5PAV7Y4M67AQUA) to GAKV47SVFSLQMZH2BBYSLQNOR7CDBCJC7VFVMPTRRFYC2E5WPCQFVYDO",2022-05-16 19:46:12 UTC
175682188385345539,"GAKV47SVFSLQMZH2BBYSLQNOR7CDBCJC7VFVMPTRRFYC2E5WPCQFVYDO transferred 2,800 NLMK-GBDLWWI2XSRNL4JDRWB2YVMH2MB7HA2NALJYCK6AZGQTJ2VKPQQU7KKS 0.0170384 AQUA-GBNZILSTVQZ4R7IKQDGHYGY2QXL5QOFJYQMXPKWRRM5PAV7Y4M67AQUA (min 0.0086236 AQUA-GBNZILSTVQZ4R7IKQDGHYGY2QXL5QOFJYQMXPKWRRM5PAV7Y4M67AQUA) to GAKV47SVFSLQMZH2BBYSLQNOR7CDBCJC7VFVMPTRRFYC2E5WPCQFVYDO",2022-05-16 19:46:12 UTC
175682188385206299,GC5EJFL6Z5T32QDB4SSWPG3NUXU6RCLPB3HRNGQAKUZQGUPMREEWEEK3 transferred 1 PENDULUM-GBBIIQAP7H6H5WIGUUFTAHJMH7FDHYAEYQN2F2XUUWN5BCTYOYAPPEND 0.0061524 AQUA-GBNZILSTVQZ4R7IKQDGHYGY2QXL5QOFJYQMXPKWRRM5PAV7Y4M67AQUA (min 0.0031484 AQUA-GBNZILSTVQZ4R7IKQDGHYGY2QXL5QOFJYQMXPKWRRM5PAV7Y4M67AQUA) to GC5EJFL6Z5T32QDB4SSWPG3NUXU6RCLPB3HRNGQAKUZQGUPMREEWEEK3,2022-05-16 19:46:12 UTC
175682188385206295,GC5EJFL6Z5T32QDB4SSWPG3NUXU6RCLPB3HRNGQAKUZQGUPMREEWEEK3 transferred 10 ROSEAU-GDXBHPKWVU7VT5ZOHK5JQDOZS5XMKWOLKBXXXX5JOSVEAIDZFDS6ABDC 0.0304304 AQUA-GBNZILSTVQZ4R7IKQDGHYGY2QXL5QOFJYQMXPKWRRM5PAV7Y4M67AQUA (min 0.01557 AQUA-GBNZILSTVQZ4R7IKQDGHYGY2QXL5QOFJYQMXPKWRRM5PAV7Y4M67AQUA) to GC5EJFL6Z5T32QDB4SSWPG3NUXU6RCLPB3HRNGQAKUZQGUPMREEWEEK3,2022-05-16 19:46:12 UTC
175682188385206291,GC5EJFL6Z5T32QDB4SSWPG3NUXU6RCLPB3HRNGQAKUZQGUPMREEWEEK3 transferred 1 PENDULUMSWAP-GBBIIQAP7H6H5WIGUUFTAHJMH7FDHYAEYQN2F2XUUWN5BCTYOYAPPEND 0.0062023 AQUA-GBNZILSTVQZ4R7IKQDGHYGY2QXL5QOFJYQMXPKWRRM5PAV7Y4M67AQUA (min 0.0031734 AQUA-GBNZILSTVQZ4R7IKQDGHYGY2QXL5QOFJYQMXPKWRRM5PAV7Y4M67AQUA) to GC5EJFL6Z5T32QDB4SSWPG3NUXU6RCLPB3HRNGQAKUZQGUPMREEWEEK3,2022-05-16 19:46:12 UTC
175682188385206287,GC5EJFL6Z5T32QDB4SSWPG3NUXU6RCLPB3HRNGQAKUZQGUPMREEWEEK3 transferred 5 OGC-GDXBHPKWVU7VT5ZOHK5JQDOZS5XMKWOLKBXXXX5JOSVEAIDZFDS6ABDC 0.0456864 AQUA-GBNZILSTVQZ4R7IKQDGHYGY2QXL5QOFJYQMXPKWRRM5PAV7Y4M67AQUA (min 0.0231125 AQUA-GBNZILSTVQZ4R7IKQDGHYGY2QXL5QOFJYQMXPKWRRM5PAV7Y4M67AQUA) to GC5EJFL6Z5T32QDB4SSWPG3NUXU6RCLPB3HRNGQAKUZQGUPMREEWEEK3,2022-05-16 19:46:12 UTC
175682188385206283,GC5EJFL6Z5T32QDB4SSWPG3NUXU6RCLPB3HRNGQAKUZQGUPMREEWEEK3 transferred 2 Spacewalk-GBBIIQAP7H6H5WIGUUFTAHJMH7FDHYAEYQN2F2XUUWN5BCTYOYAPPEND 0.0121889 AQUA-GBNZILSTVQZ4R7IKQDGHYGY2QXL5QOFJYQMXPKWRRM5PAV7Y4M67AQUA (min 0.0062345 AQUA-GBNZILSTVQZ4R7IKQDGHYGY2QXL5QOFJYQMXPKWRRM5PAV7Y4M67AQUA) to GC5EJFL6Z5T32QDB4SSWPG3NUXU6RCLPB3HRNGQAKUZQGUPMREEWEEK3,2022-05-16 19:46:12 UTC
175682188385206279,GC5EJFL6Z5T32QDB4SSWPG3NUXU6RCLPB3HRNGQAKUZQGUPMREEWEEK3 transferred 5 MELD-GDXBHPKWVU7VT5ZOHK5JQDOZS5XMKWOLKBXXXX5JOSVEAIDZFDS6ABDC 0.0164093 AQUA-GBNZILSTVQZ4R7IKQDGHYGY2QXL5QOFJYQMXPKWRRM5PAV7Y4M67AQUA (min 0.0083926 AQUA-GBNZILSTVQZ4R7IKQDGHYGY2QXL5QOFJYQMXPKWRRM5PAV7Y4M67AQUA) to GC5EJFL6Z5T32QDB4SSWPG3NUXU6RCLPB3HRNGQAKUZQGUPMREEWEEK3,2022-05-16 19:46:12 UTC
175682188385206275,GC5EJFL6Z5T32QDB4SSWPG3NUXU6RCLPB3HRNGQAKUZQGUPMREEWEEK3 transferred 3 STARLIGHT-GBBIIQAP7H6H5WIGUUFTAHJMH7FDHYAEYQN2F2XUUWN5BCTYOYAPPEND 0.0186151 AQUA-GBNZILSTVQZ4R7IKQDGHYGY2QXL5QOFJYQMXPKWRRM5PAV7Y4M67AQUA (min 0.0095198 AQUA-GBNZILSTVQZ4R7IKQDGHYGY2QXL5QOFJYQMXPKWRRM5PAV7Y4M67AQUA) to GC5EJFL6Z5T32QDB4SSWPG3NUXU6RCLPB3HRNGQAKUZQGUPMREEWEEK3,2022-05-16 19:46:12 UTC
175682188384706562,"GALVNE5GC6TMDESFPXU4UVD6QD44SAN5NMWO5DBJ4ASB2DHQIZ5M2CIW updated offer 989054357 – sell 7,122.3726274 AQUA-GBNZILSTVQZ4R7IKQDGHYGY2QXL5QOFJYQMXPKWRRM5PAV7Y4M67AQUA for yXLM-GARDNV3Q7YGT4AKSDF25LT32YSCCW4EV22Y2TV3I2PU2MMXJTEDL5T55 at 0.017 yXLM/AQUA",2022-05-16 19:46:12 UTC
175682188384706561,GALVNE5GC6TMDESFPXU4UVD6QD44SAN5NMWO5DBJ4ASB2DHQIZ5M2CIW updated offer 984301164 – sell 423.9683449 yXLM-GARDNV3Q7YGT4AKSDF25LT32YSCCW4EV22Y2TV3I2PU2MMXJTEDL5T55 for AQUA-GBNZILSTVQZ4R7IKQDGHYGY2QXL5QOFJYQMXPKWRRM5PAV7Y4M67AQUA at 63.9 AQUA/yXLM,2022-05-16 19:46:12 UTC
175682188384256017,GA6BKV237WQ7ZJE53O6LATAZUTYOAFAZQ57UO435JV2QK6HKHO2UCWOK updated offer 991125887 – sell 0.1669986 USDC-GA5ZSEJYB37JRC5AVCIA5MOP4RHTM335X2KGX3IHOJAPP5RE34K4KZVN for AQUA-GBNZILSTVQZ4R7IKQDGHYGY2QXL5QOFJYQMXPKWRRM5PAV7Y4M67AQUA at 465 AQUA/USDC,2022-05-16 19:46:12 UTC
175682188384256016,GA6BKV237WQ7ZJE53O6LATAZUTYOAFAZQ57UO435JV2QK6HKHO2UCWOK updated offer 991117396 – sell 0.09277 USDC-GA5ZSEJYB37JRC5AVCIA5MOP4RHTM335X2KGX3IHOJAPP5RE34K4KZVN for AQUA-GBNZILSTVQZ4R7IKQDGHYGY2QXL5QOFJYQMXPKWRRM5PAV7Y4M67AQUA at 458 AQUA/USDC,2022-05-16 19:46:12 UTC
175682188384256015,GA6BKV237WQ7ZJE53O6LATAZUTYOAFAZQ57UO435JV2QK6HKHO2UCWOK updated offer 991090884 – sell 0.0929554 USDC-GA5ZSEJYB37JRC5AVCIA5MOP4RHTM335X2KGX3IHOJAPP5RE34K4KZVN for AQUA-GBNZILSTVQZ4R7IKQDGHYGY2QXL5QOFJYQMXPKWRRM5PAV7Y4M67AQUA at 456 AQUA/USDC,2022-05-16 19:46:12 UTC
175682188384256014,GA6BKV237WQ7ZJE53O6LATAZUTYOAFAZQ57UO435JV2QK6HKHO2UCWOK updated offer 991090153 – sell 0.0931411 USDC-GA5ZSEJYB37JRC5AVCIA5MOP4RHTM335X2KGX3IHOJAPP5RE34K4KZVN for AQUA-GBNZILSTVQZ4R7IKQDGHYGY2QXL5QOFJYQMXPKWRRM5PAV7Y4M67AQUA at 454 AQUA/USDC,2022-05-16 19:46:12 UTC
175682188384256013,GA6BKV237WQ7ZJE53O6LATAZUTYOAFAZQ57UO435JV2QK6HKHO2UCWOK updated offer 991078783 – sell 0.0933272 USDC-GA5ZSEJYB37JRC5AVCIA5MOP4RHTM335X2KGX3IHOJAPP5RE34K4KZVN for AQUA-GBNZILSTVQZ4R7IKQDGHYGY2QXL5QOFJYQMXPKWRRM5PAV7Y4M67AQUA at 452 AQUA/USDC,2022-05-16 19:46:12 UTC
175682188384256012,GA6BKV237WQ7ZJE53O6LATAZUTYOAFAZQ57UO435JV2QK6HKHO2UCWOK updated offer 991118643 – sell 0.092585 USDC-GA5ZSEJYB37JRC5AVCIA5MOP4RHTM335X2KGX3IHOJAPP5RE34K4KZVN for AQUA-GBNZILSTVQZ4R7IKQDGHYGY2QXL5QOFJYQMXPKWRRM5PAV7Y4M67AQUA at 460 AQUA/USDC,2022-05-16 19:46:12 UTC
175682188384256011,GA6BKV237WQ7ZJE53O6LATAZUTYOAFAZQ57UO435JV2QK6HKHO2UCWOK updated offer 991122483 – sell 0.0924004 USDC-GA5ZSEJYB37JRC5AVCIA5MOP4RHTM335X2KGX3IHOJAPP5RE34K4KZVN for AQUA-GBNZILSTVQZ4R7IKQDGHYGY2QXL5QOFJYQMXPKWRRM5PAV7Y4M67AQUA at 461 AQUA/USDC,2022-05-16 19:46:12 UTC
175682188384256010,GA6BKV237WQ7ZJE53O6LATAZUTYOAFAZQ57UO435JV2QK6HKHO2UCWOK updated offer 991135962 – sell 0.0919147 USDC-GA5ZSEJYB37JRC5AVCIA5MOP4RHTM335X2KGX3IHOJAPP5RE34K4KZVN for AQUA-GBNZILSTVQZ4R7IKQDGHYGY2QXL5QOFJYQMXPKWRRM5PAV7Y4M67AQUA at 467 AQUA/USDC,2022-05-16 19:46:12 UTC
175682188384256009,GA6BKV237WQ7ZJE53O6LATAZUTYOAFAZQ57UO435JV2QK6HKHO2UCWOK updated offer 991105171 – sell 42.041173 AQUA-GBNZILSTVQZ4R7IKQDGHYGY2QXL5QOFJYQMXPKWRRM5PAV7Y4M67AQUA for USDC-GA5ZSEJYB37JRC5AVCIA5MOP4RHTM335X2KGX3IHOJAPP5RE34K4KZVN at 0.0022 USDC/AQUA,2022-05-16 19:46:12 UTC
175682188384256008,GA6BKV237WQ7ZJE53O6LATAZUTYOAFAZQ57UO435JV2QK6HKHO2UCWOK updated offer 991117395 – sell 41.9567929 AQUA-GBNZILSTVQZ4R7IKQDGHYGY2QXL5QOFJYQMXPKWRRM5PAV7Y4M67AQUA for USDC-GA5ZSEJYB37JRC5AVCIA5MOP4RHTM335X2KGX3IHOJAPP5RE34K4KZVN at 0.0022 USDC/AQUA,2022-05-16 19:46:12 UTC
175682188384256007,GA6BKV237WQ7ZJE53O6LATAZUTYOAFAZQ57UO435JV2QK6HKHO2UCWOK updated offer 991122694 – sell 41.8732627 AQUA-GBNZILSTVQZ4R7IKQDGHYGY2QXL5QOFJYQMXPKWRRM5PAV7Y4M67AQUA for USDC-GA5ZSEJYB37JRC5AVCIA5MOP4RHTM335X2KGX3IHOJAPP5RE34K4KZVN at 0.0022 USDC/AQUA,2022-05-16 19:46:12 UTC
175682188384256006,GA6BKV237WQ7ZJE53O6LATAZUTYOAFAZQ57UO435JV2QK6HKHO2UCWOK updated offer 991127867 – sell 41.7905279 AQUA-GBNZILSTVQZ4R7IKQDGHYGY2QXL5QOFJYQMXPKWRRM5PAV7Y4M67AQUA for USDC-GA5ZSEJYB37JRC5AVCIA5MOP4RHTM335X2KGX3IHOJAPP5RE34K4KZVN at 0.0022 USDC/AQUA,2022-05-16 19:46:12 UTC
175682188384256005,GA6BKV237WQ7ZJE53O6LATAZUTYOAFAZQ57UO435JV2QK6HKHO2UCWOK updated offer 991138446 – sell 41.7067743 AQUA-GBNZILSTVQZ4R7IKQDGHYGY2QXL5QOFJYQMXPKWRRM5PAV7Y4M67AQUA for USDC-GA5ZSEJYB37JRC5AVCIA5MOP4RHTM335X2KGX3IHOJAPP5RE34K4KZVN at 0.0023 USDC/AQUA,2022-05-16 19:46:12 UTC
175682188384256004,GA6BKV237WQ7ZJE53O6LATAZUTYOAFAZQ57UO435JV2QK6HKHO2UCWOK updated offer 991143064 – sell 41.6238629 AQUA-GBNZILSTVQZ4R7IKQDGHYGY2QXL5QOFJYQMXPKWRRM5PAV7Y4M67AQUA for USDC-GA5ZSEJYB37JRC5AVCIA5MOP4RHTM335X2KGX3IHOJAPP5RE34K4KZVN at 0.0023 USDC/AQUA,2022-05-16 19:46:12 UTC
175682188384256003,GA6BKV237WQ7ZJE53O6LATAZUTYOAFAZQ57UO435JV2QK6HKHO2UCWOK updated offer 991145321 – sell 41.54174 AQUA-GBNZILSTVQZ4R7IKQDGHYGY2QXL5QOFJYQMXPKWRRM5PAV7Y4M67AQUA for USDC-GA5ZSEJYB37JRC5AVCIA5MOP4RHTM335X2KGX3IHOJAPP5RE34K4KZVN at 0.0023 USDC/AQUA,2022-05-16 19:46:12 UTC
175682188384256002,GA6BKV237WQ7ZJE53O6LATAZUTYOAFAZQ57UO435JV2QK6HKHO2UCWOK updated offer 991145322 – sell 41.4586674 AQUA-GBNZILSTVQZ4R7IKQDGHYGY2QXL5QOFJYQMXPKWRRM5PAV7Y4M67AQUA for USDC-GA5ZSEJYB37JRC5AVCIA5MOP4RHTM335X2KGX3IHOJAPP5RE34K4KZVN at 0.0023 USDC/AQUA,2022-05-16 19:46:12 UTC
175682188384256001,GA6BKV237WQ7ZJE53O6LATAZUTYOAFAZQ57UO435JV2QK6HKHO2UCWOK updated offer 991145323 – sell 41.3763854 AQUA-GBNZILSTVQZ4R7IKQDGHYGY2QXL5QOFJYQMXPKWRRM5PAV7Y4M67AQUA for USDC-GA5ZSEJYB37JRC5AVCIA5MOP4RHTM335X2KGX3IHOJAPP5RE34K4KZVN at 0.0023 USDC/AQUA,2022-05-16 19:46:12 UTC
175682184091631617,"GDO7FV2PB3NHWYC73VSODLT2KABPK5YU62L2SUDLYHX65PPUF3MMW47G updated offer 991144995 – sell 49,607.3180084 AQUA-GBNZILSTVQZ4R7IKQDGHYGY2QXL5QOFJYQMXPKWRRM5PAV7Y4M67AQUA for XLM at 0.017 XLM/AQUA",2022-05-16 19:46:05 UTC
175682184091308055,GADBPBOYHDJUAYC34BV4LCOTTKJDK7TFAVMWN4KFSZLNGE6NXWNE5VT6 transferred 1 PENDULUMSWAP-GBBIIQAP7H6H5WIGUUFTAHJMH7FDHYAEYQN2F2XUUWN5BCTYOYAPPEND 0.0062384 AQUA-GBNZILSTVQZ4R7IKQDGHYGY2QXL5QOFJYQMXPKWRRM5PAV7Y4M67AQUA (min 0.0031292 AQUA-GBNZILSTVQZ4R7IKQDGHYGY2QXL5QOFJYQMXPKWRRM5PAV7Y4M67AQUA) to GADBPBOYHDJUAYC34BV4LCOTTKJDK7TFAVMWN4KFSZLNGE6NXWNE5VT6,2022-05-16 19:46:05 UTC
175682184091308051,GADBPBOYHDJUAYC34BV4LCOTTKJDK7TFAVMWN4KFSZLNGE6NXWNE5VT6 transferred 5 OGC-GDXBHPKWVU7VT5ZOHK5JQDOZS5XMKWOLKBXXXX5JOSVEAIDZFDS6ABDC 0.0460581 AQUA-GBNZILSTVQZ4R7IKQDGHYGY2QXL5QOFJYQMXPKWRRM5PAV7Y4M67AQUA (min 0.0230382 AQUA-GBNZILSTVQZ4R7IKQDGHYGY2QXL5QOFJYQMXPKWRRM5PAV7Y4M67AQUA) to GADBPBOYHDJUAYC34BV4LCOTTKJDK7TFAVMWN4KFSZLNGE6NXWNE5VT6,2022-05-16 19:46:05 UTC
175682184091308047,GADBPBOYHDJUAYC34BV4LCOTTKJDK7TFAVMWN4KFSZLNGE6NXWNE5VT6 transferred 50 SHIB-GCCJA6I4MTKD3MGXLL7UIHCUAZDIOA3E3SDRRZQDHAN42QI6OMXNSHIB 0.0000368 AQUA-GBNZILSTVQZ4R7IKQDGHYGY2QXL5QOFJYQMXPKWRRM5PAV7Y4M67AQUA (min 0.0000184 AQUA-GBNZILSTVQZ4R7IKQDGHYGY2QXL5QOFJYQMXPKWRRM5PAV7Y4M67AQUA) to GADBPBOYHDJUAYC34BV4LCOTTKJDK7TFAVMWN4KFSZLNGE6NXWNE5VT6,2022-05-16 19:46:05 UTC
175682184091308043,GADBPBOYHDJUAYC34BV4LCOTTKJDK7TFAVMWN4KFSZLNGE6NXWNE5VT6 transferred 2 Spacewalk-GBBIIQAP7H6H5WIGUUFTAHJMH7FDHYAEYQN2F2XUUWN5BCTYOYAPPEND 0.0122604 AQUA-GBNZILSTVQZ4R7IKQDGHYGY2QXL5QOFJYQMXPKWRRM5PAV7Y4M67AQUA (min 0.0061474 AQUA-GBNZILSTVQZ4R7IKQDGHYGY2QXL5QOFJYQMXPKWRRM5PAV7Y4M67AQUA) to GADBPBOYHDJUAYC34BV4LCOTTKJDK7TFAVMWN4KFSZLNGE6NXWNE5VT6,2022-05-16 19:46:05 UTC
175682184091308039,GADBPBOYHDJUAYC34BV4LCOTTKJDK7TFAVMWN4KFSZLNGE6NXWNE5VT6 transferred 5 MELD-GDXBHPKWVU7VT5ZOHK5JQDOZS5XMKWOLKBXXXX5JOSVEAIDZFDS6ABDC 0.0165125 AQUA-GBNZILSTVQZ4R7IKQDGHYGY2QXL5QOFJYQMXPKWRRM5PAV7Y4M67AQUA (min 0.0082746 AQUA-GBNZILSTVQZ4R7IKQDGHYGY2QXL5QOFJYQMXPKWRRM5PAV7Y4M67AQUA) to GADBPBOYHDJUAYC34BV4LCOTTKJDK7TFAVMWN4KFSZLNGE6NXWNE5VT6,2022-05-16 19:46:05 UTC
175682184091308035,"GADBPBOYHDJUAYC34BV4LCOTTKJDK7TFAVMWN4KFSZLNGE6NXWNE5VT6 transferred 2,900 INVZ-GB3LK77V6PA56GL6ETUPGBIL5N3WTUEHFOJRTTUM2RJTLZ6VTMVYGMMG 0.0534116 AQUA-GBNZILSTVQZ4R7IKQDGHYGY2QXL5QOFJYQMXPKWRRM5PAV7Y4M67AQUA (min 0.0267058 AQUA-GBNZILSTVQZ4R7IKQDGHYGY2QXL5QOFJYQMXPKWRRM5PAV7Y4M67AQUA) to GADBPBOYHDJUAYC34BV4LCOTTKJDK7TFAVMWN4KFSZLNGE6NXWNE5VT6",2022-05-16 19:46:05 UTC
175682184091234306,GCMTAUATIOJV2TO7BM6J2VVZI7FCI45SBYMSX3ONE45M43R6AOT4J747 updated offer 990989863 – sell 6.623841 yXLM-GARDNV3Q7YGT4AKSDF25LT32YSCCW4EV22Y2TV3I2PU2MMXJTEDL5T55 for AQUA-GBNZILSTVQZ4R7IKQDGHYGY2QXL5QOFJYQMXPKWRRM5PAV7Y4M67AQUA at 61.7 AQUA/yXLM,2022-05-16 19:46:05 UTC
175682184091234305,GCMTAUATIOJV2TO7BM6J2VVZI7FCI45SBYMSX3ONE45M43R6AOT4J747 updated offer 991047456 – buy 852.6496158 yXLM-GARDNV3Q7YGT4AKSDF25LT32YSCCW4EV22Y2TV3I2PU2MMXJTEDL5T55 for AQUA-GBNZILSTVQZ4R7IKQDGHYGY2QXL5QOFJYQMXPKWRRM5PAV7Y4M67AQUA at 61.3 AQUA/yXLM,2022-05-16 19:46:05 UTC
175682184090959873,"GDHQ2ID7I33JLTDDKLADFWIZWV4RYEQ36V4ZHHWE3EEDJTLLEXPPMRUP transferred 0.1672683 AQUA-GBNZILSTVQZ4R7IKQDGHYGY2QXL5QOFJYQMXPKWRRM5PAV7Y4M67AQUA 2,119,966.2004489 SGB-GAME5YNKHIPRSMN2BI3HLS3OYD4NE6FQ2WKUUJPYYM6GU4MRDUBPHN6B (min 2,104,032.9180244 SGB-GAME5YNKHIPRSMN2BI3HLS3OYD4NE6FQ2WKUUJPYYM6GU4MRDUBPHN6B) to GDHQ2ID7I33JLTDDKLADFWIZWV4RYEQ36V4ZHHWE3EEDJTLLEXPPMRUP",2022-05-16 19:46:05 UTC
175682184090759169,GDC3NMMBXUWF5HT3MJ54A56R7YFZQ2PTX6Z7O5BNV7TYO2KZC3B7BLAU updated offer 991103143 – buy 3.5554498 AQUA-GBNZILSTVQZ4R7IKQDGHYGY2QXL5QOFJYQMXPKWRRM5PAV7Y4M67AQUA for yUSDC-GDGTVWSM4MGS4T7Z6W4RPWOCHE2I6RDFCIFZGS3DOA63LWQTRNZNTTFF at 0.0022 yUSDC/AQUA,2022-05-16 19:46:05 UTC
175682184089935873,GCSM5DZ46EX5ATUWBOIX5PXFICGX7P3IS6DWXLZDQWZKDPX34LOSDAO7 transferred 107.7689247 AQUA-GBNZILSTVQZ4R7IKQDGHYGY2QXL5QOFJYQMXPKWRRM5PAV7Y4M67AQUA 47.8646373 CSM-GAFWA2DAM34MK3UVD34ECEHO5QIO2ILHLFOPJC33INPGUPLBC2EVNCSM (min 0.000001 CSM-GAFWA2DAM34MK3UVD34ECEHO5QIO2ILHLFOPJC33INPGUPLBC2EVNCSM) to GDBNBPZWL6XAOGZT4BY7LDZUCD5GUBPB4NNZ5INCZILJ7OSM3LQUJYES,2022-05-16 19:46:05 UTC
175682184089874434,GBBZP77DT3NZ6XOBLSTLSMOHE3TH6NAXMY6R4I5B2JG3DYOOAUQV5DGV cancelled offer 991145241,2022-05-16 19:46:05 UTC
175682184089874433,GBBZP77DT3NZ6XOBLSTLSMOHE3TH6NAXMY6R4I5B2JG3DYOOAUQV5DGV cancelled offer 991145240,2022-05-16 19:46:05 UTC
175682184089600001,GAUFO5OEZONU6KM6EAYCYZ6R5CG4FB7KQ74UD7GDDP4ITWOPPTQFQM6E placed new offer 991145481 – buy 1.2509372 AQUA-GBNZILSTVQZ4R7IKQDGHYGY2QXL5QOFJYQMXPKWRRM5PAV7Y4M67AQUA for MVT-GDPTX2Z3HTJKCHTT5JHCL7M5MD7P2HVV7QUDCTBIHW2BYLO3XR4VSRSA at 0.33 MVT/AQUA,2022-05-16 19:46:05 UTC
175682184089550850,GAOL2IXJ3O7TYIPNU2WXAH7JTR3MN2FKDPGQLGWNMFN6JCF7AQ6BB2SB transferred 0.0557311 XLM (max 0.056 XLM) 0.056 XLM to GAOL2IXJ3O7TYIPNU2WXAH7JTR3MN2FKDPGQLGWNMFN6JCF7AQ6BB2SB,2022-05-16 19:46:05 UTC
175682184089481217,GCRB2WNNF7DGFIY7EQKOQYA6UNWLC4LVS5MIGJTKOH7YM42TYYNPUZMM updated offer 990708794 – buy 21.7074652 AQUA-GBNZILSTVQZ4R7IKQDGHYGY2QXL5QOFJYQMXPKWRRM5PAV7Y4M67AQUA for FRED-GCA73U2PZFWAXJSNVMEVPNPPJCZGETWPWZC6E4DJAIWP3ZW3BAGYZLV6 at 5.104 FRED/AQUA,2022-05-16 19:46:05 UTC
175682184089210881,GDWM7UKY3F6NCPIPKLNIM2MWBY5UNLBWYQLU4WSX2NVILOGHREKALJA5 transferred 13.1786958 AQUA-GBNZILSTVQZ4R7IKQDGHYGY2QXL5QOFJYQMXPKWRRM5PAV7Y4M67AQUA 0.21702 XLM (min 0.21702 XLM) to GDWM7UKY3F6NCPIPKLNIM2MWBY5UNLBWYQLU4WSX2NVILOGHREKALJA5,2022-05-16 19:46:05 UTC
175682179795824642,"GDC3NMMBXUWF5HT3MJ54A56R7YFZQ2PTX6Z7O5BNV7TYO2KZC3B7BLAU updated offer 990861644 – sell 13,886.884276 AQUA-GBNZILSTVQZ4R7IKQDGHYGY2QXL5QOFJYQMXPKWRRM5PAV7Y4M67AQUA for yUSDC-GDGTVWSM4MGS4T7Z6W4RPWOCHE2I6RDFCIFZGS3DOA63LWQTRNZNTTFF at 0.0022 yUSDC/AQUA",2022-05-16 19:45:56 UTC
175682179795824641,GDC3NMMBXUWF5HT3MJ54A56R7YFZQ2PTX6Z7O5BNV7TYO2KZC3B7BLAU updated offer 991103143 – buy 3.550082 AQUA-GBNZILSTVQZ4R7IKQDGHYGY2QXL5QOFJYQMXPKWRRM5PAV7Y4M67AQUA for yUSDC-GDGTVWSM4MGS4T7Z6W4RPWOCHE2I6RDFCIFZGS3DOA63LWQTRNZNTTFF at 0.0022 yUSDC/AQUA,2022-05-16 19:45:56 UTC
175682179795562497,GA3GRNCXYJI4RH6GL2TEMMRAJVMNCSXQJTOLCO6RT4N5JYSKHPATNLOU cancelled offer 961703667,2022-05-16 19:45:56 UTC
175682179795316803,GAHGWSRMQ57DOPCD4Z7VIBSBGM4OO7X3YVVBHR3PK7L4V4UGLQK2GPUO transferred 1 ETERNUM-GCN7H4HNFVXZDRIVE77EBIO3B43H76MLOJL5KTPKWVZ5EGVVSH632BVS 0.0435037 AQUA-GBNZILSTVQZ4R7IKQDGHYGY2QXL5QOFJYQMXPKWRRM5PAV7Y4M67AQUA (min 0.0217979 AQUA-GBNZILSTVQZ4R7IKQDGHYGY2QXL5QOFJYQMXPKWRRM5PAV7Y4M67AQUA) to GAHGWSRMQ57DOPCD4Z7VIBSBGM4OO7X3YVVBHR3PK7L4V4UGLQK2GPUO,2022-05-16 19:45:56 UTC
175682179795316799,"GAHGWSRMQ57DOPCD4Z7VIBSBGM4OO7X3YVVBHR3PK7L4V4UGLQK2GPUO transferred 2,900 REE-GB3LK77V6PA56GL6ETUPGBIL5N3WTUEHFOJRTTUM2RJTLZ6VTMVYGMMG 0.0533074 AQUA-GBNZILSTVQZ4R7IKQDGHYGY2QXL5QOFJYQMXPKWRRM5PAV7Y4M67AQUA (min 0.0267101 AQUA-GBNZILSTVQZ4R7IKQDGHYGY2QXL5QOFJYQMXPKWRRM5PAV7Y4M67AQUA) to GAHGWSRMQ57DOPCD4Z7VIBSBGM4OO7X3YVVBHR3PK7L4V4UGLQK2GPUO",2022-05-16 19:45:56 UTC
175682179795316795,"GAHGWSRMQ57DOPCD4Z7VIBSBGM4OO7X3YVVBHR3PK7L4V4UGLQK2GPUO transferred 2,700 VSMO-GBDLWWI2XSRNL4JDRWB2YVMH2MB7HA2NALJYCK6AZGQTJ2VKPQQU7KKS 0.0165439 AQUA-GBNZILSTVQZ4R7IKQDGHYGY2QXL5QOFJYQMXPKWRRM5PAV7Y4M67AQUA (min 0.00829 AQUA-GBNZILSTVQZ4R7IKQDGHYGY2QXL5QOFJYQMXPKWRRM5PAV7Y4M67AQUA) to GAHGWSRMQ57DOPCD4Z7VIBSBGM4OO7X3YVVBHR3PK7L4V4UGLQK2GPUO",2022-05-16 19:45:56 UTC
175682179795316791,"GAHGWSRMQ57DOPCD4Z7VIBSBGM4OO7X3YVVBHR3PK7L4V4UGLQK2GPUO transferred 2,800 NLMK-GBDLWWI2XSRNL4JDRWB2YVMH2MB7HA2NALJYCK6AZGQTJ2VKPQQU7KKS 0.0171666 AQUA-GBNZILSTVQZ4R7IKQDGHYGY2QXL5QOFJYQMXPKWRRM5PAV7Y4M67AQUA (min 0.008597 AQUA-GBNZILSTVQZ4R7IKQDGHYGY2QXL5QOFJYQMXPKWRRM5PAV7Y4M67AQUA) to GAHGWSRMQ57DOPCD4Z7VIBSBGM4OO7X3YVVBHR3PK7L4V4UGLQK2GPUO",2022-05-16 19:45:56 UTC
175682179795316787,"GAHGWSRMQ57DOPCD4Z7VIBSBGM4OO7X3YVVBHR3PK7L4V4UGLQK2GPUO transferred 3,000 NATGOLDCHINA-GDNYXO5ZMBJT47BU54K5BS27N2COF54QNG67MCCM5BOVBLSJ263YABDC 0.018404 AQUA-GBNZILSTVQZ4R7IKQDGHYGY2QXL5QOFJYQMXPKWRRM5PAV7Y4M67AQUA (min 0.0092108 AQUA-GBNZILSTVQZ4R7IKQDGHYGY2QXL5QOFJYQMXPKWRRM5PAV7Y4M67AQUA) to GAHGWSRMQ57DOPCD4Z7VIBSBGM4OO7X3YVVBHR3PK7L4V4UGLQK2GPUO",2022-05-16 19:45:56 UTC
175682179795316784,GAHGWSRMQ57DOPCD4Z7VIBSBGM4OO7X3YVVBHR3PK7L4V4UGLQK2GPUO transferred 0.01 wXRP-GDUEBAIU4UHSJ2U4V7KOGJ4GNDCECI27QV2JA4UZ6C6J6IQPIULHFJF4 1.7195616 AQUA-GBNZILSTVQZ4R7IKQDGHYGY2QXL5QOFJYQMXPKWRRM5PAV7Y4M67AQUA (min 0.8593108 AQUA-GBNZILSTVQZ4R7IKQDGHYGY2QXL5QOFJYQMXPKWRRM5PAV7Y4M67AQUA) to GAHGWSRMQ57DOPCD4Z7VIBSBGM4OO7X3YVVBHR3PK7L4V4UGLQK2GPUO,2022-05-16 19:45:56 UTC
175682179795316781,GAHGWSRMQ57DOPCD4Z7VIBSBGM4OO7X3YVVBHR3PK7L4V4UGLQK2GPUO transferred 10 GOLDUSA-GDDBQVF7I47Q7XJ7A5U74F7G6XFKQJQMUSZTWQH7TIRRDGE7YISSWISS 0.0061986 AQUA-GBNZILSTVQZ4R7IKQDGHYGY2QXL5QOFJYQMXPKWRRM5PAV7Y4M67AQUA (min 0.0031016 AQUA-GBNZILSTVQZ4R7IKQDGHYGY2QXL5QOFJYQMXPKWRRM5PAV7Y4M67AQUA) to GAHGWSRMQ57DOPCD4Z7VIBSBGM4OO7X3YVVBHR3PK7L4V4UGLQK2GPUO,2022-05-16 19:45:56 UTC
175682179795316777,GAHGWSRMQ57DOPCD4Z7VIBSBGM4OO7X3YVVBHR3PK7L4V4UGLQK2GPUO transferred 3 IXINIUMXXA-GDZIMUJH5SJWPCVUDUZNBZD2AA4SELFK4Q3JS5KSRB7AWHY4X5ISWISS 0.0551456 AQUA-GBNZILSTVQZ4R7IKQDGHYGY2QXL5QOFJYQMXPKWRRM5PAV7Y4M67AQUA (min 0.0276312 AQUA-GBNZILSTVQZ4R7IKQDGHYGY2QXL5QOFJYQMXPKWRRM5PAV7Y4M67AQUA) to GAHGWSRMQ57DOPCD4Z7VIBSBGM4OO7X3YVVBHR3PK7L4V4UGLQK2GPUO,2022-05-16 19:45:56 UTC
175682179795316773,GAHGWSRMQ57DOPCD4Z7VIBSBGM4OO7X3YVVBHR3PK7L4V4UGLQK2GPUO transferred 3 SovereignGB-GDZIMUJH5SJWPCVUDUZNBZD2AA4SELFK4Q3JS5KSRB7AWHY4X5ISWISS 0.078656 AQUA-GBNZILSTVQZ4R7IKQDGHYGY2QXL5QOFJYQMXPKWRRM5PAV7Y4M67AQUA (min 0.0394112 AQUA-GBNZILSTVQZ4R7IKQDGHYGY2QXL5QOFJYQMXPKWRRM5PAV7Y4M67AQUA) to GAHGWSRMQ57DOPCD4Z7VIBSBGM4OO7X3YVVBHR3PK7L4V4UGLQK2GPUO,2022-05-16 19:45:56 UTC
175682179795316769,GAHGWSRMQ57DOPCD4Z7VIBSBGM4OO7X3YVVBHR3PK7L4V4UGLQK2GPUO transferred 1 BRICS-GDZIMUJH5SJWPCVUDUZNBZD2AA4SELFK4Q3JS5KSRB7AWHY4X5ISWISS 0.0245091 AQUA-GBNZILSTVQZ4R7IKQDGHYGY2QXL5QOFJYQMXPKWRRM5PAV7Y4M67AQUA (min 0.0122805 AQUA-GBNZILSTVQZ4R7IKQDGHYGY2QXL5QOFJYQMXPKWRRM5PAV7Y4M67AQUA) to GAHGWSRMQ57DOPCD4Z7VIBSBGM4OO7X3YVVBHR3PK7L4V4UGLQK2GPUO,2022-05-16 19:45:56 UTC
175682179795316765,GAHGWSRMQ57DOPCD4Z7VIBSBGM4OO7X3YVVBHR3PK7L4V4UGLQK2GPUO transferred 1 XAUoz-GDZIMUJH5SJWPCVUDUZNBZD2AA4SELFK4Q3JS5KSRB7AWHY4X5ISWISS 0.0061385 AQUA-GBNZILSTVQZ4R7IKQDGHYGY2QXL5QOFJYQMXPKWRRM5PAV7Y4M67AQUA (min 0.0030709 AQUA-GBNZILSTVQZ4R7IKQDGHYGY2QXL5QOFJYQMXPKWRRM5PAV7Y4M67AQUA) to GAHGWSRMQ57DOPCD4Z7VIBSBGM4OO7X3YVVBHR3PK7L4V4UGLQK2GPUO,2022-05-16 19:45:56 UTC
175682179795316761,GAHGWSRMQ57DOPCD4Z7VIBSBGM4OO7X3YVVBHR3PK7L4V4UGLQK2GPUO transferred 10 ROSEAU-GDXBHPKWVU7VT5ZOHK5JQDOZS5XMKWOLKBXXXX5JOSVEAIDZFDS6ABDC 0.0306364 AQUA-GBNZILSTVQZ4R7IKQDGHYGY2QXL5QOFJYQMXPKWRRM5PAV7Y4M67AQUA (min 0.0153506 AQUA-GBNZILSTVQZ4R7IKQDGHYGY2QXL5QOFJYQMXPKWRRM5PAV7Y4M67AQUA) to GAHGWSRMQ57DOPCD4Z7VIBSBGM4OO7X3YVVBHR3PK7L4V4UGLQK2GPUO,2022-05-16 19:45:56 UTC
175682179795316758,GAHGWSRMQ57DOPCD4Z7VIBSBGM4OO7X3YVVBHR3PK7L4V4UGLQK2GPUO transferred 1 PENDULUMSWAP-GBBIIQAP7H6H5WIGUUFTAHJMH7FDHYAEYQN2F2XUUWN5BCTYOYAPPEND 0.0062565 AQUA-GBNZILSTVQZ4R7IKQDGHYGY2QXL5QOFJYQMXPKWRRM5PAV7Y4M67AQUA (min 0.0031292 AQUA-GBNZILSTVQZ4R7IKQDGHYGY2QXL5QOFJYQMXPKWRRM5PAV7Y4M67AQUA) to GAHGWSRMQ57DOPCD4Z7VIBSBGM4OO7X3YVVBHR3PK7L4V4UGLQK2GPUO,2022-05-16 19:45:56 UTC
175682179795316756,GAHGWSRMQ57DOPCD4Z7VIBSBGM4OO7X3YVVBHR3PK7L4V4UGLQK2GPUO transferred 5 OGC-GDXBHPKWVU7VT5ZOHK5JQDOZS5XMKWOLKBXXXX5JOSVEAIDZFDS6ABDC 0.0459853 AQUA-GBNZILSTVQZ4R7IKQDGHYGY2QXL5QOFJYQMXPKWRRM5PAV7Y4M67AQUA (min 0.0230413 AQUA-GBNZILSTVQZ4R7IKQDGHYGY2QXL5QOFJYQMXPKWRRM5PAV7Y4M67AQUA) to GAHGWSRMQ57DOPCD4Z7VIBSBGM4OO7X3YVVBHR3PK7L4V4UGLQK2GPUO,2022-05-16 19:45:56 UTC
175682179795316753,GAHGWSRMQ57DOPCD4Z7VIBSBGM4OO7X3YVVBHR3PK7L4V4UGLQK2GPUO transferred 10 MELD-GDXBHPKWVU7VT5ZOHK5JQDOZS5XMKWOLKBXXXX5JOSVEAIDZFDS6ABDC 0.0330959 AQUA-GBNZILSTVQZ4R7IKQDGHYGY2QXL5QOFJYQMXPKWRRM5PAV7Y4M67AQUA (min 0.016548 AQUA-GBNZILSTVQZ4R7IKQDGHYGY2QXL5QOFJYQMXPKWRRM5PAV7Y4M67AQUA) to GAHGWSRMQ57DOPCD4Z7VIBSBGM4OO7X3YVVBHR3PK7L4V4UGLQK2GPUO,2022-05-16 19:45:56 UTC
175682179795316748,GAHGWSRMQ57DOPCD4Z7VIBSBGM4OO7X3YVVBHR3PK7L4V4UGLQK2GPUO transferred 2 Spacewalk-GBBIIQAP7H6H5WIGUUFTAHJMH7FDHYAEYQN2F2XUUWN5BCTYOYAPPEND 0.0122959 AQUA-GBNZILSTVQZ4R7IKQDGHYGY2QXL5QOFJYQMXPKWRRM5PAV7Y4M67AQUA (min 0.0061474 AQUA-GBNZILSTVQZ4R7IKQDGHYGY2QXL5QOFJYQMXPKWRRM5PAV7Y4M67AQUA) to GAHGWSRMQ57DOPCD4Z7VIBSBGM4OO7X3YVVBHR3PK7L4V4UGLQK2GPUO,2022-05-16 19:45:56 UTC
175682179795316744,GAHGWSRMQ57DOPCD4Z7VIBSBGM4OO7X3YVVBHR3PK7L4V4UGLQK2GPUO transferred 10 INDUSGOLD-GDZIMUJH5SJWPCVUDUZNBZD2AA4SELFK4Q3JS5KSRB7AWHY4X5ISWISS 0.2585722 AQUA-GBNZILSTVQZ4R7IKQDGHYGY2QXL5QOFJYQMXPKWRRM5PAV7Y4M67AQUA (min 0.1295595 AQUA-GBNZILSTVQZ4R7IKQDGHYGY2QXL5QOFJYQMXPKWRRM5PAV7Y4M67AQUA) to GAHGWSRMQ57DOPCD4Z7VIBSBGM4OO7X3YVVBHR3PK7L4V4UGLQK2GPUO,2022-05-16 19:45:56 UTC
175682179795316739,GAHGWSRMQ57DOPCD4Z7VIBSBGM4OO7X3YVVBHR3PK7L4V4UGLQK2GPUO transferred 3 STARLIGHT-GBBIIQAP7H6H5WIGUUFTAHJMH7FDHYAEYQN2F2XUUWN5BCTYOYAPPEND 0.0187856 AQUA-GBNZILSTVQZ4R7IKQDGHYGY2QXL5QOFJYQMXPKWRRM5PAV7Y4M67AQUA (min 0.0093858 AQUA-GBNZILSTVQZ4R7IKQDGHYGY2QXL5QOFJYQMXPKWRRM5PAV7Y4M67AQUA) to GAHGWSRMQ57DOPCD4Z7VIBSBGM4OO7X3YVVBHR3PK7L4V4UGLQK2GPUO,2022-05-16 19:45:56 UTC
175682179795075073,GAUFO5OEZONU6KM6EAYCYZ6R5CG4FB7KQ74UD7GDDP4ITWOPPTQFQM6E cancelled offer 991145308,2022-05-16 19:45:56 UTC
175682179794817027,GACBT2BIEZCSZRSJC4BSARF2TFNGJPGT7RMFIF3M3DBK3YOMN7DOEAJ2 updated offer 991034128 – sell 800 XLM for AQUA-GBNZILSTVQZ4R7IKQDGHYGY2QXL5QOFJYQMXPKWRRM5PAV7Y4M67AQUA at 61.7 AQUA/XLM,2022-05-16 19:45:56 UTC
175682179794817026,"GACBT2BIEZCSZRSJC4BSARF2TFNGJPGT7RMFIF3M3DBK3YOMN7DOEAJ2 updated offer 990747323 – sell 2,821.8990135 XLM for AQUA-GBNZILSTVQZ4R7IKQDGHYGY2QXL5QOFJYQMXPKWRRM5PAV7Y4M67AQUA at 62.4 AQUA/XLM",2022-05-16 19:45:56 UTC
175682179794817025,GACBT2BIEZCSZRSJC4BSARF2TFNGJPGT7RMFIF3M3DBK3YOMN7DOEAJ2 updated offer 991143832 – buy 13.4510581 XLM for AQUA-GBNZILSTVQZ4R7IKQDGHYGY2QXL5QOFJYQMXPKWRRM5PAV7Y4M67AQUA at 61.3 AQUA/XLM,2022-05-16 19:45:56 UTC
175682179794546689,"GDO7FV2PB3NHWYC73VSODLT2KABPK5YU62L2SUDLYHX65PPUF3MMW47G updated offer 991142595 – sell 47,930.7414388 AQUA-GBNZILSTVQZ4R7IKQDGHYGY2QXL5QOFJYQMXPKWRRM5PAV7Y4M67AQUA for XLM at 0.017 XLM/AQUA",2022-05-16 19:45:56 UTC
175682179794518017,GCSNSOVTM7PWN7YA4SQTEHN4K37MUHWZ2QMLAOC34WIIT4WADU4V7XRV updated offer 991141387 – buy 0.1286618 USDC-GA5ZSEJYB37JRC5AVCIA5MOP4RHTM335X2KGX3IHOJAPP5RE34K4KZVN for AQUA-GBNZILSTVQZ4R7IKQDGHYGY2QXL5QOFJYQMXPKWRRM5PAV7Y4M67AQUA at 450 AQUA/USDC,2022-05-16 19:45:56 UTC
175682179794231297,GCRB2WNNF7DGFIY7EQKOQYA6UNWLC4LVS5MIGJTKOH7YM42TYYNPUZMM updated offer 990708794 – buy 21.7074653 AQUA-GBNZILSTVQZ4R7IKQDGHYGY2QXL5QOFJYQMXPKWRRM5PAV7Y4M67AQUA for FRED-GCA73U2PZFWAXJSNVMEVPNPPJCZGETWPWZC6E4DJAIWP3ZW3BAGYZLV6 at 5.104 FRED/AQUA,2022-05-16 19:45:56 UTC
175682179794227215,GASFH7U7QWJ4QMF6RFXYETNPKY2K3GMR6F5SH7M5SJZVJMMCJIBPVLQE transferred 5.48456 CYBR-GABNWSV4PNJTZNGQY44S77H3KQ36CMM5AI76KPNR3PLKQW2WPPOUCYBR 0.0000307 AQUA-GBNZILSTVQZ4R7IKQDGHYGY2QXL5QOFJYQMXPKWRRM5PAV7Y4M67AQUA (min 0.0000154 AQUA-GBNZILSTVQZ4R7IKQDGHYGY2QXL5QOFJYQMXPKWRRM5PAV7Y4M67AQUA) to GASFH7U7QWJ4QMF6RFXYETNPKY2K3GMR6F5SH7M5SJZVJMMCJIBPVLQE,2022-05-16 19:45:56 UTC
175682179794227211,GASFH7U7QWJ4QMF6RFXYETNPKY2K3GMR6F5SH7M5SJZVJMMCJIBPVLQE transferred 3.6162 Agricole-GB632ZHRHDXQAUQFDWLX5GB2XWBKZ7T5TNYWEKT7GTQ7XJ564EJYCBDC 0.0000429 AQUA-GBNZILSTVQZ4R7IKQDGHYGY2QXL5QOFJYQMXPKWRRM5PAV7Y4M67AQUA (min 0.0000214 AQUA-GBNZILSTVQZ4R7IKQDGHYGY2QXL5QOFJYQMXPKWRRM5PAV7Y4M67AQUA) to GASFH7U7QWJ4QMF6RFXYETNPKY2K3GMR6F5SH7M5SJZVJMMCJIBPVLQE,2022-05-16 19:45:56 UTC
175682179794227207,GASFH7U7QWJ4QMF6RFXYETNPKY2K3GMR6F5SH7M5SJZVJMMCJIBPVLQE transferred 18.4433 CITADEL-GB5NJCCERI55XOPHINAPV4ZEHLUSV2I5P3QPCZQCZAEV5TPYE6HEFUND 0.0001105 AQUA-GBNZILSTVQZ4R7IKQDGHYGY2QXL5QOFJYQMXPKWRRM5PAV7Y4M67AQUA (min 0.0000552 AQUA-GBNZILSTVQZ4R7IKQDGHYGY2QXL5QOFJYQMXPKWRRM5PAV7Y4M67AQUA) to GASFH7U7QWJ4QMF6RFXYETNPKY2K3GMR6F5SH7M5SJZVJMMCJIBPVLQE,2022-05-16 19:45:56 UTC
175682179794227203,GASFH7U7QWJ4QMF6RFXYETNPKY2K3GMR6F5SH7M5SJZVJMMCJIBPVLQE transferred 31.0559 BankBusan-GDFKSS7UHGCSCX4HJKUQEQLBP5HCCBJWJLMQYPQXYA475U55XR5YCBDC 0.0019056 AQUA-GBNZILSTVQZ4R7IKQDGHYGY2QXL5QOFJYQMXPKWRRM5PAV7Y4M67AQUA (min 0.000952 AQUA-GBNZILSTVQZ4R7IKQDGHYGY2QXL5QOFJYQMXPKWRRM5PAV7Y4M67AQUA) to GASFH7U7QWJ4QMF6RFXYETNPKY2K3GMR6F5SH7M5SJZVJMMCJIBPVLQE,2022-05-16 19:45:56 UTC
175682175500599312,GANSY26W5AEQGIPVDWVACB2H62EFUB4ZPH7Y6Q2AQG4D63YKO7DDGZXT transferred 100 SHIB-GCCJA6I4MTKD3MGXLL7UIHCUAZDIOA3E3SDRRZQDHAN42QI6OMXNSHIB 0.0000737 AQUA-GBNZILSTVQZ4R7IKQDGHYGY2QXL5QOFJYQMXPKWRRM5PAV7Y4M67AQUA (min 0.0000368 AQUA-GBNZILSTVQZ4R7IKQDGHYGY2QXL5QOFJYQMXPKWRRM5PAV7Y4M67AQUA) to GANSY26W5AEQGIPVDWVACB2H62EFUB4ZPH7Y6Q2AQG4D63YKO7DDGZXT,2022-05-16 19:45:50 UTC
175682175500599307,GANSY26W5AEQGIPVDWVACB2H62EFUB4ZPH7Y6Q2AQG4D63YKO7DDGZXT transferred 5 INDUSGOLD-GDZIMUJH5SJWPCVUDUZNBZD2AA4SELFK4Q3JS5KSRB7AWHY4X5ISWISS 0.1292862 AQUA-GBNZILSTVQZ4R7IKQDGHYGY2QXL5QOFJYQMXPKWRRM5PAV7Y4M67AQUA (min 0.0647798 AQUA-GBNZILSTVQZ4R7IKQDGHYGY2QXL5QOFJYQMXPKWRRM5PAV7Y4M67AQUA) to GANSY26W5AEQGIPVDWVACB2H62EFUB4ZPH7Y6Q2AQG4D63YKO7DDGZXT,2022-05-16 19:45:50 UTC
175682175500599303,GANSY26W5AEQGIPVDWVACB2H62EFUB4ZPH7Y6Q2AQG4D63YKO7DDGZXT transferred 5 MELD-GDXBHPKWVU7VT5ZOHK5JQDOZS5XMKWOLKBXXXX5JOSVEAIDZFDS6ABDC 0.0165722 AQUA-GBNZILSTVQZ4R7IKQDGHYGY2QXL5QOFJYQMXPKWRRM5PAV7Y4M67AQUA (min 0.0082746 AQUA-GBNZILSTVQZ4R7IKQDGHYGY2QXL5QOFJYQMXPKWRRM5PAV7Y4M67AQUA) to GANSY26W5AEQGIPVDWVACB2H62EFUB4ZPH7Y6Q2AQG4D63YKO7DDGZXT,2022-05-16 19:45:50 UTC
175682175500599299,GANSY26W5AEQGIPVDWVACB2H62EFUB4ZPH7Y6Q2AQG4D63YKO7DDGZXT transferred 10 GOLDUSA-GDDBQVF7I47Q7XJ7A5U74F7G6XFKQJQMUSZTWQH7TIRRDGE7YISSWISS 0.0062131 AQUA-GBNZILSTVQZ4R7IKQDGHYGY2QXL5QOFJYQMXPKWRRM5PAV7Y4M67AQUA (min 0.0031016 AQUA-GBNZILSTVQZ4R7IKQDGHYGY2QXL5QOFJYQMXPKWRRM5PAV7Y4M67AQUA) to GANSY26W5AEQGIPVDWVACB2H62EFUB4ZPH7Y6Q2AQG4D63YKO7DDGZXT,2022-05-16 19:45:50 UTC
 